0,0.008735,133.8936,111.9037,79.139,79.41272,68.8992,-23.76159,170.9552,53.3246,19.802,169.2606,76.4175,25.69002,164.9735,75.04529,40.04832,165.2237,83.41376,49.44701,172.0619,71.1063,-23.65742,170.2392,54.23571,20.25566,168.8139,77.07669,26.10109,164.664,75.5477,40.51265,164.9653,83.85748,49.79142,171.9403,71.55196,-0.5285534,-0.02367304,-0.8485699,0.5005521,-0.5872732,0.6360486,0.2293711,-0.6285509,0.7431774,0.04643447,-0.503912,0.862506,-0.2738502,-0.5646116,0.7786012,49.45469,55.80411,63.5843,61.138,47.93106,19.2158,18.35493,18.02698,17.15381,15.23736,False,False,False,False,False
0,0.060619,167.7451,173.9542,150.9147,205.3299,100.4713,-24.59723,177.7539,46.24425,16.70793,174.1978,69.13117,22.82055,169.019,68.42774,36.13877,168.4803,71.96172,47.69845,175.0854,66.1301,-23.71735,170.5894,53.90651,20.12117,168.9898,76.82225,26.02241,164.7595,75.40199,40.42456,165.0173,83.63174,49.76255,171.978,71.49437,-0.4944337,-0.0126259,-0.8691236,0.4263744,-0.6471131,0.6320201,0.1521529,-0.6642384,0.7318721,-0.06519596,-0.6162384,0.7848565,-0.3230465,-0.5333571,0.7817744,49.45469,55.80411,63.5843,61.138,47.93106,19.2158,18.35493,18.02698,17.15381,15.23736,False,False,False,False,False
0,0.112666,193.3958,228.3191,218.4741,221.4465,189.8606,-25.22323,176.9605,37.67612,13.39379,174.7087,59.46889,19.58802,168.8623,59.35931,33.41582,168.2506,62.75225,45.94438,174.1865,58.73425,-23.72875,170.8764,53.47219,19.9162,169.2315,76.33707,25.90978,164.8697,75.13583,40.35112,165.0702,83.40871,49.73745,172.0146,71.41401,-0.4568071,-0.1077874,-0.8830114,0.3558772,-0.6474193,0.6739434,0.07311676,-0.6372184,0.767207,-0.1321926,-0.5682102,0.812196,-0.3789469,-0.4396121,0.8143344,49.45469,55.80411,63.5843,61.138,47.93106,19.2158,18.35493,18.02698,17.15381,15.23736,False,False,False,False,False
0,0.130031,179.4115,211.6605,201.8891,237.9769,206.1797,-25.77899,176.2953,34.80703,12.32684,173.8358,56.22994,18.49735,167.8019,56.38123,32.0765,166.5715,58.69656,45.05656,172.4943,55.40484,-23.73607,170.8979,53.39224,19.86342,169.2608,76.20271,25.87464,164.8819,75.04865,40.32889,165.0735,83.34154,49.72725,172.016,71.37894,-0.4553897,-0.1280858,-0.8810302,0.3347714,-0.6430187,0.688807,0.05274294,-0.6203779,0.7825276,-0.1623357,-0.5669615,0.8075901,-0.405531,-0.4163028,0.8137792,49.45469,55.80411,63.5843,61.138,47.93106,19.2158,18.35493,18.02698,17.15381,15.23736,False,False,False,False,False
0,0.147325,147.1469,166.8521,167.5292,200.7537,169.6175,-25.78237,175.7765,32.90147,11.78476,173.7944,54.24208,17.91984,167.6378,54.25101,31.43538,166.2587,55.95144,44.59364,172.5634,53.27008,-23.74041,170.9089,53.34069,19.82629,169.2788,76.10561,25.84651,164.8895,74.97684,40.30847,165.0746,83.27863,49.71767,172.0165,71.34527,-0.4451016,-0.1427062,-0.8840359,0.3317747,-0.6404349,0.6926534,0.0443443,-0.6234912,0.7805718,-0.1757428,-0.5827096,0.7934507,-0.4244623,-0.4232106,0.8004527,49.45469,55.80411,63.5843,61.138,47.93106,19.2158,18.35493,18.02698,17.15381,15.23736,False,False,False,False,False
0,0.16514,147.9271,165.1677,165.8639,184.0983,162.9918,-25.72897,174.6812,30.2911,11.09234,172.4589,51.61383,17.16332,166.0905,51.80758,30.69101,164.4038,53.44912,44.14492,170.6786,51.11597,-23.74298,170.9144,53.30657,19.79825,169.2882,76.02999,25.82155,164.8923,74.91177,40.28751,165.0723,83.21357,49.70798,172.0143,71.31041,-0.432198,-0.1631356,-0.8869001,0.3065616,-0.6358284,0.7083377,0.01542696,-0.6121603,0.7905832,-0.2042526,-0.571914,0.7944779,-0.4529879,-0.4049968,0.7942163,49.45469,55.80411,63.5843,61.138,47.93106,19.2158,18.35493,18.02698,17.15381,15.23736,False,False,False,False,False
0,0.199407,124.1504,149.032,155.4075,155.9877,148.2939,-25.74055,175.3736,26.7232,10.09478,172.3845,47.20473,16.30287,165.9041,47.02642,30.14772,164.3905,48.75694,43.64558,171.1131,46.714,-23.74492,170.9192,53.27843,19.76436,169.2977,75.93606,25.78711,164.8941,74.81817,40.25708,165.0681,83.11536,49.69429,172.0108,71.25829,-0.4125468,-0.1429855,-0.8996446,0.2951013,-0.679228,0.6719855,-0.002638565,-0.6631042,0.7485224,-0.217715,-0.6233695,0.7510064,-0.4856029,-0.4675606,0.7386318,49.45469,55.80411,63.5843,61.138,47.93106,19.2158,18.35493,18.02698,17.15381,15.23736,False,False,False,False,False
0,0.208119,122.5819,142.9142,156.6983,150.5877,147.5674,-25.82591,175.3836,25.67915,9.931539,172.1947,46.11349,16.10289,165.6768,45.69335,30.05067,164.2668,47.55857,43.52265,171.102,45.51078,-23.74515,170.9197,53.27531,19.75975,169.2988,75.92248,25.78245,164.8942,74.80444,40.25333,165.0676,83.10227,49.69266,172.0105,71.2515,-0.4075376,-0.1380911,-0.9026871,0.2938456,-0.6853428,0.6663033,-0.007315115,-0.6751328,0.73766,-0.2204423,-0.6345292,0.7407954,-0.4949361,-0.4829083,0.7223834,49.45469,55.80411,63.5843,61.138,47.93106,19.2158,18.35493,18.02698,17.15381,15.23736,False,False,False,False,False
0,0.225444,158.5215,171.0895,183.7479,180.8708,172.8594,-26.29514,173.5918,22.64275,9.454644,170.5355,43.1254,15.64203,164.0152,42.47918,29.66656,162.8256,44.29655,43.09404,170.0249,42.40849,-23.74554,170.9203,53.27048,19.75279,169.2999,75.90119,25.77552,164.8938,74.78308,40.2482,165.0666,83.08371,49.69046,172.0099,71.24203,-0.3975119,-0.1422101,-0.9065101,0.2967105,-0.6852099,0.6651693,-0.009091336,-0.6846097,0.7288531,-0.2226014,-0.6504858,0.7261659,-0.5058243,-0.5033137,0.7005834,49.45469,55.80411,63.5843,61.138,47.93106,19.2158,18.35493,18.02698,17.15381,15.23736,False,False,False,False,False
0,0.251465,154.2468,170.4635,181.6866,195.2398,180.7899,-27.68505,170.6813,18.97194,8.179448,167.4915,39.40376,14.35614,160.908,38.5027,28.3203,159.7544,39.56393,41.77268,167.5229,38.07502,-23.74777,170.9207,53.25081,19.73296,169.2969,75.83927,25.75725,164.8875,74.72536,40.23622,165.0612,83.03958,49.68605,172.0074,71.22321,-0.3877244,-0.1561808,-0.9084477,0.3030154,-0.6743678,0.6733571,-0.007885512,-0.6860318,0.7275288,-0.2267383,-0.6712214,0.7057277,-0.5178662,-0.525954,0.6746755,49.45469,55.80411,63.5843,61.138,47.93106,19.2158,18.35493,18.02698,17.15381,15.23736,False,False,False,False,False
1,0.017324,75.60882,100.3621,81.19987,379.2335,26.85808,-33.84337,171.3666,13.3727,-10.51487,192.5661,30.08316,-6.10475,200.5523,31.83688,9.965503,205.4566,40.13507,25.73224,203.8963,34.96878,-33.06233,171.1694,14.23354,-9.83801,192.537,31.29175,-5.424533,200.3292,32.84941,11.37691,205.054,45.09513,26.2919,203.7199,35.41545,-0.5317239,-0.02962781,-0.8463994,-0.2174698,0.8199183,0.5295667,-0.390868,0.6770997,0.6235048,-0.4539462,0.533929,0.7133391,-0.6271551,0.4036339,0.6661503,49.45469,55.80411,63.5843,61.138,47.93106,19.2158,18.35493,18.02698,17.15381,15.23736,True,False,False,False,False
1,0.095198,146.6007,132.8219,135.314,180.7883,168.5271,-40.98857,166.7326,7.30446,-17.49261,189.2843,25.0306,-14.04238,197.6462,27.11261,-0.2206447,204.2896,30.09836,16.38028,204.259,26.33378,-33.575,170.9502,13.80741,-10.19018,192.4657,31.03763,-6.152656,200.279,32.46696,10.56078,205.2276,44.02443,24.95571,204.2361,34.41669,-0.5835512,0.001109657,-0.8120756,-0.2355991,0.7238308,0.6485075,-0.4071704,0.566819,0.7161902,-0.5338264,0.4665937,0.705209,-0.6822756,0.3245836,0.655092,49.45469,55.80411,63.5843,61.138,47.93106,19.2158,18.35493,18.02698,17.15381,15.23736,True,False,False,False,False
1,0.147343,162.4474,174.121,184.0913,195.1226,204.6732,-47.12394,162.2799,2.417474,-21.8226,183.5733,18.76235,-18.14454,191.9317,20.10836,-3.97205,197.9279,22.439,12.6168,196.8485,18.69999,-36.09053,169.2758,11.84434,-11.39146,191.6061,29.85772,-7.679846,199.3794,31.0685,9.478489,204.8676,42.46519,23.32118,203.6168,32.47452,-0.5887893,0.02869757,-0.8077769,-0.1849831,0.7554611,0.6285378,-0.3739578,0.6167648,0.6926448,-0.5040491,0.5229663,0.6873432,-0.6622841,0.3897875,0.6398792,49.45469,55.80411,63.5843,61.138,47.93106,19.2158,18.35493,18.02698,17.15381,15.23736,True,False,False,False,False
1,0.164913,159.1201,173.8351,181.3039,191.0653,199.0079,-48.98183,160.8927,0.6668426,-23.21777,181.7494,16.62728,-19.53073,190.119,17.86594,-5.334714,196.0427,19.94879,11.24888,194.858,16.16091,-37.37854,168.4635,10.79379,-12.00599,191.0851,29.16992,-8.312062,198.9024,30.3652,8.977531,204.5968,41.69298,22.6168,203.1471,31.51202,-0.5939413,0.04064836,-0.8034808,-0.1753813,0.7565833,0.629939,-0.3665725,0.6201849,0.6935382,-0.4978478,0.5277275,0.6882232,-0.6573889,0.3960027,0.6411098,49.45469,55.80411,63.5843,61.138,47.93106,19.2158,18.35493,18.02698,17.15381,15.23736,True,False,False,False,False
1,0.199371,149.7239,173.0057,182.84,207.9658,225.3232,-52.39692,158.2784,-1.987678,-24.90916,177.8284,12.52937,-20.94007,186.1165,13.23306,-6.547006,191.4471,14.43586,9.965111,189.3282,10.61246,-40.20063,166.6249,8.507022,-13.33844,189.7599,27.52235,-9.549833,197.7708,28.7932,7.8687,203.8027,39.82692,21.1496,201.8029,29.22292,-0.604487,0.05588742,-0.7946522,-0.1245835,0.7840974,0.6080051,-0.3258205,0.6619296,0.6750482,-0.4644286,0.5782893,0.6707366,-0.6309155,0.4530063,0.6298658,49.45469,55.80411,63.5843,61.138,47.93106,19.2158,18.35493,18.02698,17.15381,15.23736,True,False,False,False,False
1,0.225339,111.8681,117.526,134.924,141.8858,151.9345,-54.03274,157.6815,-3.306345,-25.93984,176.5922,11.11355,-22.14944,184.9146,11.32736,-7.673419,190.1389,12.43098,8.826271,187.8812,8.555225,-42.4076,165.2314,6.741299,-14.33463,188.6724,26.20822,-10.38145,196.9234,27.62911,7.031071,203.0959,38.32039,20.04093,200.5877,27.32109,-0.607528,0.07096578,-0.7911217,-0.1086388,0.7802747,0.6159293,-0.3196139,0.6656823,0.6743249,-0.4571979,0.5827968,0.671802,-0.6259208,0.4594088,0.6302116,49.45469,55.80411,63.5843,61.138,47.93106,19.2158,18.35493,18.02698,17.15381,15.23736,True,False,False,False,False
1,0.242654,90.02103,93.08823,122.269,108.7932,110.5731,-54.76787,157.3564,-4.098849,-26.4485,175.9786,10.32815,-22.90891,184.3286,9.967371,-8.238639,189.5423,11.47739,8.30154,187.3031,7.723534,-43.69366,164.4726,5.695233,-14.948,188.0108,25.39938,-10.85565,196.4567,26.95662,6.508551,202.6521,37.38952,19.38659,199.8773,26.20948,-0.6084588,0.08250466,-0.7892851,-0.1076432,0.7741649,0.6237641,-0.3279914,0.6650732,0.6708944,-0.458371,0.5785167,0.6746959,-0.6263749,0.4549876,0.6329619,49.45469,55.80411,63.5843,61.138,47.93106,19.2158,18.35493,18.02698,17.15381,15.23736,True,False,False,False,False
1,0.277396,85.66702,96.4383,112.2849,109.662,105.9227,-56.41465,157.1332,-6.590178,-27.60051,174.9836,7.361773,-24.14972,183.4415,6.502504,-9.289511,188.4637,7.791882,7.354816,185.988,4.39471,-45.56051,163.4503,4.084106,-15.82701,187.0732,24.17035,-11.47008,195.8621,26.02303,5.782407,202.0193,36.03245,18.45024,198.8217,24.52426,-0.608405,0.1011712,-0.7871516,-0.100581,0.7750534,0.6238394,-0.3270582,0.6729486,0.6634554,-0.456581,0.5899193,0.6659797,-0.6247697,0.4674883,0.6253939,49.45469,55.80411,63.5843,61.138,47.93106,19.2158,18.35493,18.02698,17.15381,15.23736,True,False,False,False,False
1,0.312098,192.3665,166.7866,191.3266,205.7664,190.8546,-59.3966,158.439,-11.78754,-22.15483,173.4,4.655682,-16.89376,180.1148,5.595858,-2.058957,182.1916,9.33315,10.48488,181.3737,0.2688407,-46.59544,162.9437,3.072124,-16.31595,186.4954,23.33238,-11.82858,195.4506,25.35072,5.364134,201.5773,35.1314,17.97165,198.2177,23.52861,-0.6108825,0.08486243,-0.78716,0.1112154,0.7215701,0.6833503,-0.1272954,0.6302577,0.7658793,-0.2834756,0.5396903,0.7927017,-0.5119765,0.4466449,0.7337495,49.45469,55.80411,63.5843,61.138,47.93106,19.2158,18.35493,18.02698,17.15381,15.23736,True,False,False,False,False
1,0.346708,123.6448,143.0232,142.1359,145.0609,123.0897,-60.99607,160.624,-15.62206,-17.96733,172.8621,5.779715,-13.1554,179.8623,7.347643,1.080883,180.7216,11.19859,13.24601,179.4222,3.053656,-47.30889,162.7947,2.199121,-16.56771,184.5292,20.80679,-12.12864,193.2598,22.67428,4.663941,198.9819,31.86345,17.32385,195.7852,20.91757,-0.6026248,0.08858853,-0.7930923,0.298344,0.5101974,0.8066533,0.02512199,0.4586596,0.8882568,-0.1441518,0.3281605,0.9335582,-0.3655179,0.1923437,0.9107143,49.45469,55.80411,63.5843,61.138,47.93106,19.2158,18.35493,18.02698,17.15381,15.23736,True,False,False,False,False
1,0.346708,123.6448,143.0232,142.1359,145.0609,123.0897,-60.99607,160.624,-15.62206,-17.96733,172.8621,5.779715,-13.1554,179.8623,7.347643,1.080883,180.7216,11.19859,13.24601,179.4222,3.053656,-47.30889,162.7947,2.199121,-16.56771,184.5292,20.80679,-12.12864,193.2598,22.67428,4.663941,198.9819,31.86345,17.32385,195.7852,20.91757,-0.6026248,0.08858853,-0.7930923,0.298344,0.5101974,0.8066533,0.02512199,0.4586596,0.8882568,-0.1441518,0.3281605,0.9335582,-0.3655179,0.1923437,0.9107143,49.45469,55.80411,63.5843,61.138,47.93106,19.2158,18.35493,18.02698,17.15381,15.23736,True,False,False,False,False
1,0.416074,58.51281,24.50834,21.7383,31.79664,36.68255,-60.74176,162.6458,-17.40514,-19.04587,175.2388,5.304431,-14.66342,182.489,6.670068,-0.7486508,184.2853,9.950018,11.72501,183.3109,2.489001,-48.00282,162.7364,1.248863,-17.33036,179.6156,13.86963,-13.28904,187.6877,14.91232,1.986903,191.8001,21.1867,14.91747,189.3663,12.66974,-0.5756199,0.1027025,-0.8112422,0.2770735,0.5004777,0.8202148,0.009377048,0.4347605,0.9004973,-0.1622279,0.3014427,0.939582,-0.3836539,0.1502582,0.9111708,49.45469,55.80411,63.5843,61.138,47.93106,19.2158,18.35493,18.02698,17.15381,15.23736,True,False,False,False,False
1,0.450818,51.94345,49.13136,39.80177,65.63625,54.53137,-60.21875,163.4169,-18.47158,-19.7952,176.0857,4.238477,-15.36246,183.4642,5.598559,-1.713304,185.8895,8.04126,11.11476,184.688,1.39933,-48.42919,162.7671,0.5567181,-17.72425,178.7477,12.01964,-13.74743,186.6308,12.81978,1.173844,190.5182,18.3662,14.02561,188.0038,9.989655,-0.5587775,0.09670887,-0.8236596,0.25069,0.5336769,0.8076779,-0.007238809,0.4541628,0.8908893,-0.1864348,0.329969,0.9253986,-0.4064019,0.1640578,0.8988451,49.45469,55.80411,63.5843,61.138,47.93106,19.2158,18.35493,18.02698,17.15381,15.23736,True,False,False,False,False
1,0.476912,37.11322,73.97526,65.87872,91.7047,82.72066,-60.19703,163.2597,-19.41612,-20.97394,177.0682,3.123271,-16.61981,184.5773,4.405555,-3.174155,187.7167,6.419143,9.960373,186.6343,0.311405,-48.69229,162.7967,0.09680988,-18.02536,178.5153,11.10293,-14.05712,186.3584,11.84361,0.7075043,190.2021,17.01265,13.47735,187.6922,8.568864,-0.5509892,0.07679886,-0.8309711,0.2145724,0.5632144,0.797965,-0.03508864,0.4697575,0.8820979,-0.2155693,0.3468258,0.9128208,-0.4327469,0.1668637,0.8859382,49.45469,55.80411,63.5843,61.138,47.93106,19.2158,18.35493,18.02698,17.15381,15.23736,True,False,False,False,False
0,0.494463,30.93227,83.07644,75.29457,94.63164,86.09368,-60.34542,163.1906,-19.84786,-22.02377,177.5484,2.35064,-17.63955,185.1232,3.615165,-4.247727,188.6521,5.461809,9.057209,187.6613,-0.3085806,-48.77159,162.8038,-0.04612687,-18.27128,178.4441,10.55276,-14.29068,186.2746,11.28994,0.3674079,190.1138,16.18939,13.07036,187.6606,7.698684,-0.5473373,0.06904404,-0.8340592,0.1918176,0.5804968,0.7913466,-0.05149365,0.4776925,0.8770167,-0.2304979,0.3533147,0.9066639,-0.444734,0.164538,0.8804197,49.45469,55.80411,63.5843,61.138,47.93106,19.2158,18.35493,18.02698,17.15381,15.23736,False,False,False,False,False
0,0.528807,19.87494,62.71466,63.86348,64.73874,62.64309,-60.36903,162.815,-20.27075,-23.43196,177.6357,1.300941,-19.01639,185.3235,2.365915,-5.55508,189.2732,4.216076,7.919065,188.4083,-1.461484,-48.83196,162.808,-0.1577431,-18.782,178.361,9.60153,-14.73835,186.1838,10.38943,-0.2841592,190.0433,14.78166,12.3242,187.7403,6.251287,-0.5432917,0.0622538,-0.8372327,0.1656463,0.5997097,0.7828854,-0.07252412,0.4899783,0.8687126,-0.2456214,0.3603765,0.8998883,-0.464667,0.1666089,0.8696701,49.45469,55.80411,63.5843,61.138,47.93106,19.2158,18.35493,18.02698,17.15381,15.23736,False,False,False,False,False
0,0.56358,42.76727,72.30496,56.79841,60.95819,52.96505,-60.15068,161.2734,-21.05171,-24.9691,176.4836,-0.4553525,-20.0367,184.3096,1.008747,-6.670156,188.6118,2.445101,7.02666,187.6943,-2.883137,-48.92174,162.8033,-0.3335803,-19.26212,178.2563,8.813261,-15.08311,186.0965,9.754557,-0.7539176,189.9889,13.82818,11.84441,187.7762,5.364899,-0.5334849,0.04646384,-0.8445324,0.1281473,0.6324636,0.7639163,-0.08946076,0.5102928,0.855335,-0.2655339,0.3848461,0.8839599,-0.4855132,0.1854204,0.8543397,49.45469,55.80411,63.5843,61.138,47.93106,19.2158,18.35493,18.02698,17.15381,15.23736,False,False,False,False,False
0,0.580969,57.27294,80.03287,68.04514,67.57124,59.09647,-60.21014,160.0094,-21.56045,-25.81951,175.3857,-1.279165,-20.77416,183.2908,0.2569583,-7.430065,187.7591,1.586957,6.360634,186.8619,-3.583067,-49.02303,162.7838,-0.5395318,-19.51011,178.1624,8.435041,-15.25096,186.024,9.466367,-0.9375283,189.9425,13.47596,11.67439,187.7551,5.066991,-0.5282919,0.0389589,-0.8481686,0.1124739,0.6446089,0.7561938,-0.09960443,0.5191373,0.8488671,-0.2751297,0.3941267,0.8769081,-0.4943474,0.1919301,0.847811,49.45469,55.80411,63.5843,61.138,47.93106,19.2158,18.35493,18.02698,17.15381,15.23736,False,False,False,False,False
0,0.615582,69.63798,82.03384,82.04229,75.54472,66.34974,-60.53537,157.5524,-22.19106,-27.26354,173.2474,-2.427245,-22.31807,181.3308,-1.263273,-8.904374,186.1774,0.02559447,5.054575,185.4464,-4.902649,-49.43476,162.6326,-1.377239,-20.13992,177.8317,7.542342,-15.68042,185.7834,8.784053,-1.349603,189.792,12.73865,11.32171,187.6631,4.491949,-0.5277696,0.03062275,-0.8488354,0.08926904,0.6523831,0.7526137,-0.1203835,0.5284117,0.8404099,-0.2900394,0.401232,0.8688441,-0.5063049,0.192575,0.8405773,49.45469,55.80411,63.5843,61.138,47.93106,19.2158,18.35493,18.02698,17.15381,15.23736,False,False,False,False,False
0,0.62468,67.79073,81.04488,80.98296,72.22226,64.15672,-60.54029,156.9979,-22.37054,-27.62639,172.7163,-2.703871,-22.69251,180.8565,-1.6051,-9.255605,185.8059,-0.2689636,4.73358,185.1499,-5.193524,-49.60196,162.5499,-1.720241,-20.353,177.6967,7.255511,-15.82276,185.6904,8.568965,-1.478302,189.7346,12.51941,11.219,187.6267,4.332074,-0.5271424,0.03005107,-0.8492454,0.08136781,0.6525773,0.7533407,-0.1265106,0.528775,0.8392807,-0.2939987,0.4004819,0.8678589,-0.5105889,0.190885,0.8383686,49.45469,55.80411,63.5843,61.138,47.93106,19.2158,18.35493,18.02698,17.15381,15.23736,False,False,False,False,False
0,0.658937,69.95517,91.36552,87.47675,77.62674,69.46049,-60.66181,154.7568,-23.35234,-29.0998,170.4848,-4.32546,-24.12201,178.8725,-3.46805,-10.57479,184.198,-1.942787,3.557676,183.7323,-6.687087,-49.77377,162.4582,-2.073094,-21.32585,176.993,5.983054,-16.44346,185.2418,7.648557,-2.042934,189.4441,11.58779,10.79792,187.4461,3.694032,-0.5246339,0.02602169,-0.8509302,0.04921605,0.6582716,0.75117,-0.1501154,0.5356919,0.830963,-0.3102012,0.4039252,0.8605927,-0.5256526,0.188053,0.8296537,49.45469,55.80411,63.5843,61.138,47.93106,19.2158,18.35493,18.02698,17.15381,15.23736,False,False,False,False,False
0,0.676333,68.37907,86.17081,80.5163,74.90572,68.82108,-60.59132,153.6674,-23.8608,-29.61235,169.4009,-5.10599,-24.59093,177.8991,-4.183715,-11.11086,183.4172,-2.805567,3.054785,183.0883,-7.560193,-49.77377,162.4582,-2.073094,-21.87552,176.5321,5.260457,-16.78964,184.9536,7.134924,-2.344717,189.2632,11.09212,10.58579,187.3353,3.369913,-0.5252776,0.02374429,-0.8505996,0.03718295,0.658991,0.7512312,-0.1561641,0.5343996,0.8306804,-0.3163651,0.4032348,0.8586704,-0.5322319,0.184756,0.8261927,49.45469,55.80411,63.5843,61.138,47.93106,19.2158,18.35493,18.02698,17.15381,15.23736,False,False,False,False,False
0,0.711,61.89906,88.536,85.23518,92.07947,91.91552,-60.57228,151.8606,-24.89468,-30.34941,167.1437,-6.791409,-25.12228,175.7047,-5.996893,-11.67957,181.2885,-5.112236,2.577552,180.7841,-9.759577,-49.7845,162.4476,-2.097595,-22.94378,175.5048,3.815649,-17.48501,184.2898,6.068362,-2.900591,188.8722,10.1479,10.21367,187.0939,2.770991,-0.5225034,0.01494235,-0.8525063,0.03226284,0.6758452,0.7363371,-0.1556904,0.5541844,0.8177041,-0.3206997,0.4301884,0.843854,-0.5395264,0.2120688,0.814824,49.45469,55.80411,63.5843,61.138,47.93106,19.2158,18.35493,18.02698,17.15381,15.23736,False,False,False,False,False
0,0.728792,41.80201,60.76066,59.78699,66.47813,66.02737,-60.39259,151.5812,-25.19217,-30.50446,166.6607,-7.132964,-25.22658,175.2353,-6.368236,-11.82228,180.8469,-5.650733,2.469571,180.3151,-10.26621,-49.86869,162.3614,-2.294395,-23.44257,174.9644,3.112379,-17.82077,183.921,5.524105,-3.144214,188.6683,9.706915,10.03801,186.9484,2.464095,-0.5196325,0.01323786,-0.8542873,0.02976651,0.678535,0.7339647,-0.1569036,0.5582316,0.8147139,-0.3239559,0.4368685,0.8391654,-0.54396,0.2193161,0.8099432,49.45469,55.80411,63.5843,61.138,47.93106,19.2158,18.35493,18.02698,17.15381,15.23736,False,False,False,False,False
0,0.763122,24.36329,40.30555,39.19112,52.94456,54.64799,-60.22972,151.3125,-25.75289,-30.82358,165.903,-7.982468,-25.37722,174.4523,-7.284325,-11.98188,179.9487,-7.067859,2.380206,179.1675,-11.58562,-50.04676,162.1722,-2.724985,-24.22062,174.088,1.991486,-18.36799,183.286,4.609704,-3.494992,188.3548,9.044869,9.754944,186.688,1.942587,-0.5166091,0.005617787,-0.8562029,0.03458893,0.6916236,0.7214295,-0.1498693,0.5734837,0.8053916,-0.3234704,0.4611258,0.8262747,-0.5463002,0.2472188,0.8002743,49.45469,55.80411,63.5843,61.138,47.93106,19.2158,18.35493,18.02698,17.15381,15.23736,False,False,False,False,False
0,0.780481,16.33871,23.34975,26.82104,40.05518,38.12516,-60.15713,151.3083,-25.87989,-30.95099,165.8104,-8.090873,-25.46113,174.3339,-7.49422,-12.10379,179.8406,-7.516407,2.320024,179.0301,-11.92764,-50.11155,162.1016,-2.885846,-24.52302,173.7415,1.55348,-18.5803,183.0319,4.246824,-3.610149,188.2472,8.818995,9.646352,186.5807,1.732812,-0.5167018,0.004090477,-0.8561557,0.03494305,0.6907662,0.7222334,-0.1494907,0.5754448,0.8040621,-0.3256417,0.4665386,0.8223741,-0.5472484,0.2534303,0.7976794,49.45469,55.80411,63.5843,61.138,47.93106,19.2158,18.35493,18.02698,17.15381,15.23736,False,False,False,False,False
0,0.815186,10.28014,19.35055,19.49521,37.19281,30.52128,-60.12253,151.373,-26.13606,-31.37398,165.7057,-8.542006,-25.77681,174.2265,-8.009396,-12.45685,179.7538,-8.609569,2.118408,178.9021,-12.78549,-50.18721,162.0187,-3.075547,-24.99272,173.2211,0.885024,-18.87074,182.6922,3.754242,-3.732382,188.1352,8.576766,9.525723,186.4631,1.495709,-0.5168551,0.001200525,-0.8560721,0.03061691,0.6950728,0.7182871,-0.1511527,0.5809174,0.7998048,-0.3319677,0.4805996,0.8116782,-0.5517375,0.2693675,0.7893205,49.45469,55.80411,63.5843,61.138,47.93106,19.2158,18.35493,18.02698,17.15381,15.23736,False,False,False,False,False
0,0.823955,10.55788,18.94053,19.51709,39.00209,31.89669,-60.13244,151.3831,-26.23523,-31.46468,165.6701,-8.680858,-25.84042,174.1858,-8.175661,-12.53931,179.7112,-8.973227,2.074543,178.8277,-13.07798,-50.19586,162.0092,-3.097425,-25.07836,173.1289,0.7635398,-18.91693,182.6391,3.675524,-3.747602,188.1215,8.545788,9.510612,186.4483,1.464999,-0.5167196,0.0001616823,-0.8561547,0.0304797,0.6965927,0.716819,-0.1509369,0.5830562,0.7982879,-0.3335986,0.4857444,0.8079383,-0.553561,0.2742691,0.7863502,49.45469,55.80411,63.5843,61.138,47.93106,19.2158,18.35493,18.02698,17.15381,15.23736,False,False,False,False,False
0,0.858523,12.50864,14.89966,16.53522,33.55316,31.8774,-60.03268,151.526,-26.63596,-31.66546,165.5864,-9.127356,-25.96924,174.0796,-8.71017,-12.69454,179.5564,-10.10769,2.026963,178.6124,-14.16403,-50.21166,161.9918,-3.138008,-25.31166,172.8804,0.4319073,-19.02679,182.5132,3.48676,-3.778039,188.0941,8.48237,9.480908,186.4189,1.402543,-0.5162645,-0.0004548746,-0.856429,0.03228316,0.6987799,0.714608,-0.1489055,0.587676,0.7952761,-0.336218,0.4994795,0.798422,-0.5583065,0.2925738,0.776334,49.45469,55.80411,63.5843,61.138,47.93106,19.2158,18.35493,18.02698,17.15381,15.23736,False,False,False,False,False
0,0.875831,20.57481,20.89057,24.42744,36.6208,36.71238,-59.94757,151.5547,-27.12355,-31.70149,165.4873,-9.61718,-26.0126,173.9789,-9.278914,-12.67387,179.4109,-10.7816,2.080146,178.4405,-14.8502,-50.21444,161.9888,-3.145356,-25.36762,172.8211,0.3494615,-19.05107,182.4855,3.443724,-3.783827,188.0888,8.469793,9.475397,186.4133,1.390224,-0.5163314,0.0004817039,-0.8563887,0.03295657,0.6985406,0.7148111,-0.1496913,0.5891717,0.7940209,-0.3359265,0.503105,0.7962655,-0.5590243,0.2988997,0.7734021,49.45469,55.80411,63.5843,61.138,47.93106,19.2158,18.35493,18.02698,17.15381,15.23736,False,False,False,False,False
0,0.919047,28.38434,22.7304,23.92104,36.0551,31.66916,-59.36691,151.5264,-28.42003,-31.57486,165.2589,-10.76597,-25.85777,173.7528,-10.442,-12.51607,179.1817,-12.4339,2.38527,178.2116,-16.28133,-50.21791,161.9848,-3.155289,-25.41741,172.7668,0.2703062,-19.07325,182.4595,3.401795,-3.789333,188.0835,8.457091,9.469967,186.4075,1.377086,-0.5130373,0.003033372,-0.8583609,0.02787215,0.6962094,0.7172974,-0.1546211,0.587924,0.7940011,-0.3436272,0.5100393,0.7885305,-0.5655147,0.3079686,0.7650806,49.45469,55.80411,63.5843,61.138,47.93106,19.2158,18.35493,18.02698,17.15381,15.23736,False,False,False,False,False
0,0.945173,31.33673,26.25246,27.25969,42.01124,36.23664,-58.84253,151.3976,-29.15328,-31.26611,165.1018,-11.4809,-25.52444,173.5906,-11.18078,-12.1711,178.987,-13.55718,2.832123,177.9832,-17.1873,-50.22002,161.9821,-3.162068,-25.42538,172.7575,0.2558695,-19.07721,182.4546,3.393433,-3.790394,188.0825,8.454366,9.468428,186.4057,1.372818,-0.5108742,0.002570924,-0.8596516,0.02391298,0.6976301,0.716059,-0.1586925,0.5900126,0.7916451,-0.3502717,0.5178666,0.7804639,-0.5719039,0.3151081,0.7573856,49.45469,55.80411,63.5843,61.138,47.93106,19.2158,18.35493,18.02698,17.15381,15.23736,False,False,False,False,False
0,0.962624,35.44975,29.06697,30.63594,42.66082,48.26125,-58.42968,151.2699,-29.713,-31.00317,164.9876,-12.00142,-25.22633,173.4594,-11.72597,-11.84185,178.8,-14.25202,3.174428,177.7927,-18.14396,-50.22221,161.9791,-3.169684,-25.42878,172.7533,0.2490399,-19.07916,182.452,3.388906,-3.790938,188.0819,8.452847,9.467526,186.4045,1.370018,-0.5085463,0.0007092518,-0.8610343,0.02208941,0.6996024,0.7141908,-0.1603216,0.5928831,0.7891684,-0.3526594,0.5233039,0.7757476,-0.5819417,0.3252405,0.7453606,49.45469,55.80411,63.5843,61.138,47.93106,19.2158,18.35493,18.02698,17.15381,15.23736,False,False,False,False,False
0,0.997237,37.1838,32.38978,29.78384,40.04672,43.50232,-57.72828,151.3179,-30.82896,-30.55593,164.9664,-13.10368,-24.65864,173.4361,-12.72346,-11.15878,178.5835,-15.49927,3.890756,177.4203,-19.375,-50.22861,161.9697,-3.194413,-25.43366,172.7468,0.2380426,-19.08341,182.4459,3.377805,-3.792525,188.08,8.447889,9.465403,186.4014,1.362403,-0.5048205,-0.001792586,-0.8632225,0.0194216,0.7040519,0.7098829,-0.1598422,0.5973836,0.7858647,-0.3524196,0.5331845,0.7690999,-0.5850464,0.3375663,0.7374074,49.45469,55.80411,63.5843,61.138,47.93106,19.2158,18.35493,18.02698,17.15381,15.23736,False,False,False,False,False
0,1.01454,36.9151,30.37802,30.79152,40.98439,41.20237,-57.43108,151.3639,-31.39251,-30.3763,165.0288,-13.61427,-24.43413,173.4859,-13.26962,-10.88945,178.5554,-16.18803,4.183277,177.3216,-19.98104,-50.23228,161.9639,-3.209997,-25.43532,172.7445,0.2338524,-19.08583,182.4422,3.370807,-3.793682,188.0786,8.443939,9.464048,186.3992,1.356942,-0.5042331,-0.002770687,-0.8635631,0.01857888,0.7038877,0.7100682,-0.1593203,0.5989472,0.7847798,-0.3519355,0.5370737,0.7666115,-0.5842733,0.3411118,0.7363881,49.45469,55.80411,63.5843,61.138,47.93106,19.2158,18.35493,18.02698,17.15381,15.23736,False,False,False,False,False
0,1.0492,31.90937,26.94269,26.28215,35.55735,34.51733,-56.89438,151.7238,-32.29929,-30.03592,165.3168,-14.44867,-24.01642,173.7686,-14.05791,-10.41151,178.7219,-17.28151,4.693298,177.3912,-21.02237,-50.23937,161.9523,-3.242842,-25.43806,172.7406,0.2262262,-19.09059,182.4347,3.355665,-3.795977,188.0755,8.435415,9.46139,186.3946,1.344971,-0.5045013,0.001110463,-0.8634102,0.01899534,0.7002683,0.713627,-0.1564202,0.5966069,0.7871422,-0.3495159,0.539793,0.7658082,-0.582633,0.3443005,0.7362037,49.45469,55.80411,63.5843,61.138,47.93106,19.2158,18.35493,18.02698,17.15381,15.23736,False,False,False,False,False
0,1.057839,31.08714,26.02415,24.97896,34.75336,33.25281,-56.75473,151.8138,-32.49841,-29.96246,165.3978,-14.62968,-23.92727,173.8489,-14.21881,-10.31948,178.7835,-17.54948,4.798702,177.4333,-21.26667,-50.24125,161.9491,-3.25214,-25.43877,172.7396,0.2241067,-19.09197,182.4324,3.350953,-3.796507,188.0748,8.433319,9.460795,186.3935,1.342059,-0.5044139,0.002153998,-0.8634593,0.01916685,0.6992978,0.7145735,-0.1556872,0.5956758,0.7879922,-0.3493099,0.540529,0.7653829,-0.5824178,0.34497,0.7360606,49.45469,55.80411,63.5843,61.138,47.93106,19.2158,18.35493,18.02698,17.15381,15.23736,False,False,False,False,False
0,1.075236,28.19787,22.02591,21.62837,30.58225,30.71414,-56.48357,151.8312,-32.85289,-29.86378,165.4949,-14.93717,-23.79646,173.9422,-14.51921,-10.16163,178.8258,-17.99181,4.95523,177.455,-21.75398,-50.24522,161.9421,-3.272757,-25.44023,172.7374,0.2196057,-19.09503,182.4274,3.340216,-3.797484,188.0735,8.429335,9.459776,186.3916,1.336863,-0.5038646,0.002137404,-0.86378,0.01898236,0.6980201,0.7158265,-0.1543794,0.594945,0.7888013,-0.3479528,0.5417039,0.7651704,-0.5821943,0.3470537,0.7352575,49.45469,55.80411,63.5843,61.138,47.93106,19.2158,18.35493,18.02698,17.15381,15.23736,False,False,False,False,False
0,1.109904,24.07193,20.56707,21.02004,26.6663,26.03706,-56.03278,151.9868,-33.54438,-29.78069,165.8801,-15.55481,-23.70576,174.3434,-15.14876,-10.06005,179.2577,-18.82404,5.09281,177.9196,-22.55465,-50.25362,161.9262,-3.320159,-25.44356,172.7327,0.2088206,-19.10102,182.4178,3.318191,-3.799111,188.0713,8.422443,9.458242,186.3887,1.328624,-0.5039605,0.002646139,-0.8637226,0.0143614,0.6936783,0.7201418,-0.1565399,0.5910631,0.7912899,-0.3493815,0.53958,0.7660195,-0.5828772,0.3433721,0.7364441,49.45469,55.80411,63.5843,61.138,47.93106,19.2158,18.35493,18.02698,17.15381,15.23736,False,False,False,False,False
0,1.127347,20.9552,19.41041,19.80709,24.25315,23.47665,-55.903,152.1212,-33.8184,-29.8048,166.069,-15.81956,-23.71353,174.5433,-15.40685,-10.05614,179.4697,-19.1618,5.11067,178.1367,-22.87574,-50.2576,161.9185,-3.343902,-25.44542,172.7302,0.2026594,-19.10391,182.4133,3.307283,-3.799944,188.0702,8.418826,9.457518,186.3874,1.324601,-0.5043561,0.003578435,-0.8634883,0.01156911,0.6918784,0.7219214,-0.1576871,0.5894387,0.7922732,-0.3499512,0.5387309,0.7663571,-0.583467,0.3415386,0.7368295,49.45469,55.80411,63.5843,61.138,47.93106,19.2158,18.35493,18.02698,17.15381,15.23736,False,False,False,False,False
0,1.144641,20.79819,19.52921,19.78813,22.0444,22.17722,-55.77974,152.3166,-34.13169,-29.81809,166.2819,-16.09548,-23.71361,174.7739,-15.66403,-10.02624,179.7007,-19.43718,5.140557,178.3843,-23.16625,-50.26137,161.9111,-3.367131,-25.44758,172.7274,0.1954088,-19.10714,182.4084,3.294948,-3.801092,188.0688,8.413779,9.456555,186.3857,1.319181,-0.5043947,0.005343434,-0.8634567,0.00860943,0.6892841,0.72444,-0.1591406,0.5871986,0.7936448,-0.3502987,0.5365992,0.7676928,-0.5842807,0.3392143,0.7372583,49.45469,55.80411,63.5843,61.138,47.93106,19.2158,18.35493,18.02698,17.15381,15.23736,False,False,False,False,False
0,1.179222,13.43171,13.4403,15.36816,17.28901,15.45954,-55.63522,152.4737,-34.51519,-29.93961,166.5389,-16.41669,-23.76044,175.0548,-16.04427,-10.02479,179.9691,-19.93324,5.179337,178.6213,-23.5836,-50.26772,161.8987,-3.407414,-25.45332,172.7202,0.1761588,-19.11465,182.3976,3.266059,-3.804535,188.0645,8.398423,9.453779,186.3809,1.303239,-0.5039348,0.00644538,-0.8637177,0.0009142833,0.6857538,0.727833,-0.1619458,0.5866594,0.7934761,-0.3516474,0.5375416,0.7664158,-0.5852123,0.3387742,0.7367215,49.45469,55.80411,63.5843,61.138,47.93106,19.2158,18.35493,18.02698,17.15381,15.23736,False,False,False,False,False
0,1.187915,11.41873,12.10039,14.3239,17.03432,14.31569,-55.60812,152.4658,-34.57928,-29.9681,166.5747,-16.48089,-23.7746,175.0999,-16.12812,-10.03445,180.0116,-20.07439,5.184613,178.6499,-23.68732,-50.26879,161.8965,-3.414321,-25.45509,172.7181,0.1702456,-19.11653,182.3949,3.258752,-3.805422,188.0634,8.394434,9.45307,186.3797,1.299116,-0.5040635,0.005954965,-0.863646,-0.0007204405,0.6854029,0.7281637,-0.1625593,0.5871031,0.7930223,-0.352263,0.5386949,0.7653226,-0.5855496,0.3392889,0.7362165,49.45469,55.80411,63.5843,61.138,47.93106,19.2158,18.35493,18.02698,17.15381,15.23736,False,False,False,False,False
0,1.21401,6.747715,8.73937,12.8823,11.99679,10.97432,-55.54385,152.4739,-34.70935,-30.06295,166.7081,-16.57614,-23.87265,175.2722,-16.3396,-10.05303,180.1584,-20.30206,5.177454,178.7873,-23.90972,-50.27074,161.8926,-3.426925,-25.46205,172.71,0.1472963,-19.1219,182.3876,3.238082,-3.807849,188.0605,8.383479,9.451212,186.3766,1.288274,-0.5041487,0.005624473,-0.8635985,-0.00603557,0.6832075,0.7301994,-0.1662959,0.5882272,0.7914129,-0.3533177,0.5395635,0.7642236,-0.5874055,0.3395256,0.7346272,49.45469,55.80411,63.5843,61.138,47.93106,19.2158,18.35493,18.02698,17.15381,15.23736,False,False,False,False,False
0,1.240062,4.085767,11.85353,19.91305,8.645373,8.360386,-55.50985,152.4412,-34.78515,-30.25801,166.8633,-16.72439,-24.10789,175.4939,-16.71265,-10.07317,180.3395,-20.39181,5.166056,178.9688,-23.9978,-50.27198,161.8902,-3.43483,-25.47467,172.6961,0.1066931,-19.1275,182.3805,3.217015,-3.81219,188.0555,8.363885,9.448224,186.3717,1.270849,-0.5046444,0.004977136,-0.863313,-0.01591435,0.6822121,0.7309811,-0.1751479,0.5918583,0.7867827,-0.3541044,0.5385432,0.7645792,-0.5884134,0.3381067,0.734475,49.45469,55.80411,63.5843,61.138,47.93106,19.2158,18.35493,18.02698,17.15381,15.23736,False,False,False,False,False
0,1.257385,3.356538,17.21265,20.8738,7.58711,7.487898,-55.50303,152.4399,-34.82675,-30.48532,166.9469,-16.9402,-24.26188,175.6205,-16.95391,-10.10257,180.4582,-20.42384,5.144815,179.0897,-24.03249,-50.27274,161.8887,-3.439702,-25.48499,172.6855,0.07471345,-19.13105,182.3763,3.203894,-3.819732,188.047,8.32999,9.443478,186.3641,1.243311,-0.5048239,0.005027735,-0.8632077,-0.02589781,0.6838171,0.7291937,-0.1804893,0.594174,0.7838245,-0.3546064,0.5377598,0.7648978,-0.5886772,0.3375329,0.7345276,49.45469,55.80411,63.5843,61.138,47.93106,19.2158,18.35493,18.02698,17.15381,15.23736,False,False,False,False,False
0,1.274703,3.461466,18.9342,16.31861,6.240932,6.009492,-55.48502,152.4031,-34.8752,-30.67943,166.9739,-17.16505,-24.334,175.6854,-17.11034,-10.12424,180.5285,-20.4872,5.129148,179.1603,-24.08776,-50.27388,161.8864,-3.446935,-25.49503,172.6757,0.04429635,-19.13427,182.3726,3.192118,-3.83376,188.0313,8.267138,9.434732,186.3504,1.192788,-0.504667,0.004807563,-0.8633007,-0.03429683,0.6854873,0.7272763,-0.1829048,0.5955288,0.7822348,-0.3551083,0.5378302,0.7646154,-0.5886318,0.3379676,0.734364,49.45469,55.80411,63.5843,61.138,47.93106,19.2158,18.35493,18.02698,17.15381,15.23736,False,False,False,False,False
0,1.309445,14.18903,23.80937,23.74217,33.30603,37.29569,-55.68787,151.9716,-35.37386,-30.75746,166.4437,-18.0733,-24.09463,175.0606,-18.09648,-9.843139,179.5259,-21.84371,5.419872,177.709,-25.34547,-50.27828,161.8777,-3.474411,-25.50699,172.6635,0.007267769,-19.13753,182.3685,3.179393,-3.852216,188.0084,8.179595,9.418388,186.3201,1.09074,-0.5032296,-0.005319405,-0.8641364,-0.02471665,0.7039195,0.7098496,-0.1684984,0.6177553,0.7681059,-0.3457033,0.5684271,0.7465788,-0.5824838,0.3743037,0.7215326,49.45469,55.80411,63.5843,61.138,47.93106,19.2158,18.35493,18.02698,17.15381,15.23736,False,False,False,False,False
0,1.344208,13.46491,17.27496,19.24738,24.87919,28.98347,-55.62477,151.6898,-35.79012,-30.71375,166.1068,-18.55935,-23.90969,174.6803,-18.64845,-9.619086,178.9879,-22.49557,5.625317,177.0134,-26.06723,-50.28544,161.8632,-3.519368,-25.51401,172.6558,-0.01530061,-19.14075,182.3639,3.165759,-3.867293,187.9869,8.102676,9.398461,186.2758,0.9542997,-0.5009383,-0.008273981,-0.8654434,-0.02227755,0.7093909,0.7044631,-0.1640386,0.626225,0.76219,-0.3419238,0.5803584,0.7391024,-0.5818799,0.3926581,0.7122046,49.45469,55.80411,63.5843,61.138,47.93106,19.2158,18.35493,18.02698,17.15381,15.23736,False,False,False,False,False
0,1.361869,14.0309,15.23509,15.4104,18.62343,21.87164,-55.52122,151.5858,-36.03434,-30.67753,165.9951,-18.77567,-23.83982,174.5726,-18.83225,-9.539782,178.8793,-22.69875,5.707708,176.8929,-26.30855,-50.28867,161.8564,-3.540301,-25.51682,172.6525,-0.0245898,-19.14276,182.3609,3.15694,-3.87435,187.9764,8.065521,9.38914,186.2538,0.8875893,-0.4997089,-0.007679106,-0.8661593,-0.0240597,0.708753,0.7050463,-0.1646443,0.6256469,0.7625341,-0.3422542,0.5812212,0.7382709,-0.5828456,0.3959236,0.7096024,49.45469,55.80411,63.5843,61.138,47.93106,19.2158,18.35493,18.02698,17.15381,15.23736,False,False,False,False,False
0,1.378846,15.8021,14.82082,14.73693,16.07236,17.59382,-55.37216,151.4714,-36.30279,-30.60877,165.877,-18.99548,-23.74143,174.4615,-19.03059,-9.444491,178.794,-22.90971,5.819039,176.807,-26.50131,-50.29135,161.8506,-3.558218,-25.51919,172.6497,-0.03258494,-19.14494,182.3575,3.14713,-3.880235,187.9674,8.033901,9.381615,186.2355,0.8319613,-0.4986616,-0.00661706,-0.8667715,-0.02692436,0.7070301,0.7066707,-0.1661596,0.624299,0.7633097,-0.3437179,0.5810006,0.7377644,-0.5839154,0.3964687,0.7084175,49.45469,55.80411,63.5843,61.138,47.93106,19.2158,18.35493,18.02698,17.15381,15.23736,False,False,False,False,False
0,1.413481,22.31218,21.05719,20.83261,18.74113,20.5978,-55.20758,151.1334,-37.0892,-30.57317,165.5499,-19.74394,-23.67768,174.1683,-19.77587,-9.420454,178.628,-23.65144,5.865439,176.6824,-27.29496,-50.29584,161.8403,-3.589632,-25.52312,172.6449,-0.04634548,-19.14902,182.3509,3.128038,-3.888434,187.9545,7.988696,9.371817,186.2106,0.7565646,-0.4995703,-0.003267092,-0.8662671,-0.03182876,0.7016181,0.711842,-0.1682475,0.6197469,0.766555,-0.3448709,0.5770161,0.7403489,-0.5839915,0.393485,0.7100165,49.45469,55.80411,63.5843,61.138,47.93106,19.2158,18.35493,18.02698,17.15381,15.23736,False,False,False,False,False
0,1.430799,23.96908,21.8926,20.48867,16.01103,21.21639,-55.17365,150.9591,-37.52713,-30.63307,165.3684,-20.13501,-23.75128,174.0331,-20.1356,-9.536743,178.6339,-23.98693,5.754287,176.763,-27.73033,-50.29739,161.8366,-3.600799,-25.52456,172.643,-0.0514996,-19.15035,182.3487,3.121699,-3.890251,187.9517,7.978673,9.369841,186.2058,0.7414073,-0.5016536,0.001035342,-0.865068,-0.03485679,0.6947957,0.7183619,-0.1693625,0.6128132,0.7718655,-0.3447517,0.5697528,0.7460081,-0.5832931,0.3864671,0.7144315,49.45469,55.80411,63.5843,61.138,47.93106,19.2158,18.35493,18.02698,17.15381,15.23736,False,False,False,False,False
0,1.43949,21.86593,19.34035,17.14655,13.05311,18.26232,-55.15617,150.9185,-37.66945,-30.66511,165.3225,-20.24706,-23.79115,174.011,-20.22105,-9.597363,178.6819,-24.06462,5.693638,176.8501,-27.84235,-50.29799,161.8352,-3.605235,-25.5252,172.6422,-0.05378761,-19.15088,182.3478,3.119162,-3.890852,187.9508,7.9754,9.369203,186.2043,0.7366123,-0.5025623,0.003162476,-0.8645352,-0.03623159,0.6913333,0.721627,-0.1698137,0.6091002,0.7747001,-0.3445884,0.5661713,0.7488049,-0.5822543,0.3831105,0.7170818,49.45469,55.80411,63.5843,61.138,47.93106,19.2158,18.35493,18.02698,17.15381,15.23736,False,False,False,False,False
0,1.47408,10.84073,9.529552,6.731,2.919612,13.1759,-55.12864,150.7323,-37.88426,-30.72562,165.1141,-20.46434,-23.80099,173.8411,-20.3367,-9.661999,178.6028,-24.26536,5.582878,176.7514,-28.31188,-50.29995,161.8304,-3.619803,-25.52917,172.6369,-0.06816877,-19.15645,182.3383,3.092488,-3.893548,187.9467,7.960805,9.367995,186.2015,0.7276696,-0.5054753,0.005628673,-0.8628228,-0.03405903,0.6861719,0.7266416,-0.1636293,0.6027766,0.7809519,-0.3371652,0.5619895,0.7553061,-0.5767999,0.3820774,0.722024,49.45469,55.80411,63.5843,61.138,47.93106,19.2158,18.35493,18.02698,17.15381,15.23736,False,False,False,False,False
0,1.491493,9.612576,17.98476,6.502704,4.230818,9.950058,-55.08093,150.5564,-37.90256,-30.62232,164.9873,-20.07201,-23.79117,173.7351,-20.33545,-9.67682,178.5659,-24.23919,5.521667,176.7027,-28.4631,-50.30125,161.8271,-3.629728,-25.5329,172.6318,-0.08174077,-19.16232,182.3281,3.064245,-3.894904,187.9446,7.953476,9.367603,186.2006,0.7248015,-0.507117,0.0052465,-0.8618613,-0.02721339,0.6759961,0.7364026,-0.1606454,0.6005858,0.7832559,-0.3322021,0.5597558,0.7591543,-0.5731745,0.3810778,0.7254314,49.45469,55.80411,63.5843,61.138,47.93106,19.2158,18.35493,18.02698,17.15381,15.23736,False,False,False,False,False
0,1.50888,10.02178,13.39676,8.101804,3.039315,6.156828,-55.02763,150.3639,-37.9437,-30.60048,164.8096,-20.07702,-23.75875,173.59,-20.36168,-9.698625,178.4928,-24.35181,5.449803,176.6621,-28.58039,-50.30469,161.8181,-3.656154,-25.53666,172.6264,-0.09560597,-19.17213,182.3105,3.016381,-3.896744,187.9418,7.943535,9.366959,186.1991,0.7201679,-0.509562,0.006133221,-0.8604121,-0.024916,0.6724395,0.7397326,-0.1563636,0.5974453,0.7865173,-0.3277225,0.5578418,0.7625028,-0.5653666,0.3786422,0.7327964,49.45469,55.80411,63.5843,61.138,47.93106,19.2158,18.35493,18.02698,17.15381,15.23736,False,False,False,False,False
0,1.543561,8.713774,8.30766,7.646604,3.607147,4.125681,-54.8548,150.1496,-38.06066,-30.56618,164.5526,-20.21161,-23.70627,173.3772,-20.51821,-9.709418,178.4079,-24.53271,5.380275,176.6405,-28.84332,-50.32058,161.7747,-3.783362,-25.55273,172.6021,-0.1557105,-19.20419,182.2508,2.85755,-3.910182,187.921,7.870797,9.364637,186.1939,0.7036937,-0.5117918,0.01017657,-0.8590493,-0.02270104,0.6672035,0.7445295,-0.1510696,0.5927113,0.7911203,-0.3209938,0.5537632,0.7683159,-0.5545723,0.3763399,0.742171,49.45469,55.80411,63.5843,61.138,47.93106,19.2158,18.35493,18.02698,17.15381,15.23736,False,False,False,False,False
0,1.5611,7.859734,9.546626,6.999341,4.346541,5.049462,-54.76789,150.0699,-38.07542,-30.55427,164.4409,-20.11214,-23.69512,173.2775,-20.55697,-9.704636,178.3286,-24.59043,5.334788,176.5493,-28.97376,-50.33357,161.7373,-3.892378,-25.56698,172.5799,-0.2093723,-19.22574,182.2094,2.748953,-3.922491,187.9015,7.803612,9.363204,186.1907,0.6935648,-0.5115141,0.01154354,-0.8591973,-0.01937794,0.6638004,0.7476587,-0.1473377,0.5920929,0.7922863,-0.3158281,0.5536008,0.7705704,-0.5492265,0.3770171,0.7457938,49.45469,55.80411,63.5843,61.138,47.93106,19.2158,18.35493,18.02698,17.15381,15.23736,False,False,False,False,False
0,1.578745,6.877559,25.60742,5.571275,4.578347,4.641357,-54.71801,149.9777,-38.05244,-30.40044,164.3639,-19.52671,-23.68702,173.2236,-20.5322,-9.724709,178.2871,-24.66992,5.30578,176.5156,-29.04267,-50.35121,161.6855,-4.042604,-25.57707,172.5633,-0.2478013,-19.25086,182.1604,2.621867,-3.935073,187.8815,7.734913,9.360975,186.1857,0.6778885,-0.5112978,0.01178917,-0.8593227,-0.01174323,0.6528112,0.7574297,-0.1453609,0.5914748,0.7931128,-0.3147055,0.5543613,0.770483,-0.5471418,0.3773868,0.7471379,49.45469,55.80411,63.5843,61.138,47.93106,19.2158,18.35493,18.02698,17.15381,15.23736,False,False,False,False,False
0,1.595607,8.007627,24.29059,4.460882,4.350995,4.274883,-54.61885,149.8794,-38.03283,-30.31078,164.3051,-19.22271,-23.67971,173.1804,-20.52255,-9.73921,178.2687,-24.7205,5.290411,176.4969,-29.10352,-50.37266,161.6202,-4.230256,-25.58307,172.553,-0.270915,-19.27735,182.1083,2.48745,-3.944622,187.8664,7.682789,9.358714,186.1806,0.6620124,-0.5103331,0.0119834,-0.8598933,-0.008108073,0.6477931,0.7617732,-0.1444473,0.591168,0.7935082,-0.3141849,0.5549461,0.7702744,-0.5463786,0.3772957,0.7477422,49.45469,55.80411,63.5843,61.138,47.93106,19.2158,18.35493,18.02698,17.15381,15.23736,False,False,False,False,False
0,1.630254,9.001242,4.6744,3.15955,8.105889,6.463844,-54.38439,149.7634,-37.99539,-30.29032,164.22,-19.26713,-23.63066,173.1295,-20.57421,-9.766008,178.3043,-24.93262,5.274822,176.5287,-29.31914,-50.42875,161.4394,-4.744234,-25.59157,172.5381,-0.3039717,-19.33544,181.9923,2.18987,-3.953923,187.8517,7.631915,9.356137,186.1748,0.6438694,-0.5099736,0.01463518,-0.8600655,-0.007983938,0.6469765,0.7624682,-0.1413504,0.5891904,0.7955343,-0.3128716,0.5558401,0.7701644,-0.5437875,0.3758513,0.7503539,49.45469,55.80411,63.5843,61.138,47.93106,19.2158,18.35493,18.02698,17.15381,15.23736,False,False,False,False,False
0,1.639142,10.63581,6.372711,5.082744,10.73427,9.412786,-54.30954,149.6546,-38.01914,-30.30296,164.1466,-19.36556,-23.62767,173.0735,-20.65332,-9.788928,178.2793,-25.06398,5.253122,176.5179,-29.45945,-50.4453,161.3821,-4.904968,-25.59456,172.5328,-0.3156445,-19.34833,181.9662,2.123123,-3.95493,187.8501,7.626397,9.355856,186.1742,0.6418797,-0.5102534,0.01412271,-0.8599082,-0.009076471,0.6479412,0.7616363,-0.1408776,0.5891405,0.7956551,-0.3128553,0.5563783,0.7697823,-0.5434284,0.3758764,0.7506014,49.45469,55.80411,63.5843,61.138,47.93106,19.2158,18.35493,18.02698,17.15381,15.23736,False,False,False,False,False
0,1.682201,9.985105,7.799644,8.991693,12.28023,12.71956,-54.04102,149.2938,-38.12393,-30.20496,163.9191,-19.62519,-23.54207,172.8624,-20.99693,-9.761357,178.1345,-25.56675,5.273156,176.3784,-29.99652,-50.53709,161.0395,-5.847114,-25.60758,172.5093,-0.3674269,-19.38707,181.8859,1.919071,-3.957159,187.8466,7.614084,9.355247,186.1729,0.6375393,-0.5113593,0.01123803,-0.8592935,-0.008113018,0.6505078,0.7594562,-0.13912,0.591436,0.7942601,-0.3118244,0.5606635,0.7670867,-0.5424223,0.3791042,0.7497053,49.45469,55.80411,63.5843,61.138,47.93106,19.2158,18.35493,18.02698,17.15381,15.23736,False,False,False,False,False
0,1.69107,9.366026,7.337103,8.888398,12.63238,11.95526,-53.95322,149.2924,-38.14344,-30.17031,163.8953,-19.65905,-23.51132,172.8373,-21.05779,-9.74161,178.1165,-25.66528,5.301463,176.3426,-30.07489,-50.55652,160.9615,-6.060451,-25.61014,172.5045,-0.3779215,-19.39145,181.8765,1.895301,-3.957356,187.8463,7.612978,9.355186,186.1727,0.6370973,-0.5112506,0.01134523,-0.8593568,-0.007368674,0.6507353,0.7592689,-0.1386434,0.5919872,0.7939327,-0.3116814,0.5619751,0.7661844,-0.5418524,0.3798884,0.7497205,49.45469,55.80411,63.5843,61.138,47.93106,19.2158,18.35493,18.02698,17.15381,15.23736,False,False,False,False,False
0,1.725655,5.358999,9.230749,10.61086,13.13198,9.901712,-53.86742,149.2005,-38.22086,-30.15391,163.8305,-19.86426,-23.50064,172.7641,-21.32979,-9.70437,178.0643,-26.00576,5.36158,176.2457,-30.34483,-50.62644,160.675,-6.842011,-25.61818,172.4893,-0.4111893,-19.4014,181.8551,1.840887,-3.957812,187.8455,7.610377,9.354988,186.1723,0.6356292,-0.5126895,0.00983692,-0.8585177,-0.008287399,0.6545933,0.7559358,-0.1401163,0.5953603,0.791147,-0.3115032,0.5669615,0.7625749,-0.540659,0.3836277,0.7486773,49.45469,55.80411,63.5843,61.138,47.93106,19.2158,18.35493,18.02698,17.15381,15.23736,False,False,False,False,False
0,1.760331,6.845238,10.6485,8.523914,22.88372,17.36069,-53.81421,149.0223,-38.31228,-30.19818,163.7988,-20.09185,-23.50069,172.7155,-21.55042,-9.79747,178.0496,-26.67823,5.372671,176.2263,-30.82966,-50.6838,160.4342,-7.491126,-25.62094,172.4841,-0.4226977,-19.40468,181.8481,1.822844,-3.957965,187.8453,7.609498,9.354877,186.172,0.6347873,-0.5137812,0.006554744,-0.8578962,-0.01020919,0.6596104,0.7515383,-0.1405446,0.5985802,0.7886373,-0.3168274,0.5776587,0.7522837,-0.5430287,0.3952343,0.7408844,49.45469,55.80411,63.5843,61.138,47.93106,19.2158,18.35493,18.02698,17.15381,15.23736,False,False,False,False,False
0,1.777672,5.65101,13.05338,11.29079,21.34739,17.30207,-53.79604,148.9777,-38.35611,-30.2714,163.7852,-20.25656,-23.55132,172.7023,-21.71522,-9.838012,178.0429,-26.94288,5.363073,176.2272,-31.06669,-50.70816,160.3309,-7.766897,-25.62157,172.483,-0.4252965,-19.40536,181.8466,1.819094,-3.957998,187.8452,7.609309,9.354856,186.1719,0.6346248,-0.5141762,0.005578415,-0.8576664,-0.01315098,0.662902,0.7485906,-0.1426071,0.6010271,0.786403,-0.3186789,0.5814421,0.748578,-0.5449646,0.400059,0.7368625,49.45469,55.80411,63.5843,61.138,47.93106,19.2158,18.35493,18.02698,17.15381,15.23736,False,False,False,False,False
0,1.812344,6.070979,15.15479,22.06079,20.80162,15.89486,-53.78622,148.8496,-38.44791,-30.46839,163.7712,-20.62508,-23.81334,172.6864,-22.30153,-9.944578,178.0318,-27.48103,5.34193,176.2311,-31.48254,-50.74627,160.1687,-8.197203,-25.62248,172.4814,-0.4289314,-19.40619,181.8449,1.81468,-3.958032,187.8452,7.609109,9.354839,186.1719,0.6344973,-0.5148234,0.003207985,-0.8572902,-0.02049286,0.669886,0.7421811,-0.152617,0.6093605,0.7780667,-0.3231641,0.5887421,0.7409101,-0.5479003,0.408639,0.7299448,49.45469,55.80411,63.5843,61.138,47.93106,19.2158,18.35493,18.02698,17.15381,15.23736,False,False,False,False,False
0,1.821073,5.948741,19.73533,21.56655,20.54736,16.66204,-53.7898,148.8195,-38.46918,-30.56234,163.7608,-20.79622,-23.87084,172.6862,-22.42404,-9.976558,178.0306,-27.62287,5.334394,176.2413,-31.61112,-50.75464,160.1333,-8.290447,-25.62268,172.4811,-0.4297462,-19.40636,181.8446,1.81382,-3.958038,187.8452,7.609076,9.354838,186.1719,0.6344841,-0.5150507,0.002643108,-0.8571556,-0.02420462,0.6728794,0.7393561,-0.1545847,0.6110364,0.7763621,-0.3244961,0.5905888,0.7388553,-0.5490267,0.4114777,0.7274997,49.45469,55.80411,63.5843,61.138,47.93106,19.2158,18.35493,18.02698,17.15381,15.23736,False,False,False,False,False
0,1.855792,17.17383,19.57542,57.97877,16.61464,15.05098,-53.8988,148.5056,-38.78106,-30.85065,163.8174,-21.34868,-24.55399,172.6883,-23.98439,-10.13643,178.1606,-28.07027,5.258668,176.4476,-31.98652,-50.78862,159.9935,-8.653388,-25.62355,172.4797,-0.4330835,-19.40701,181.8435,1.81061,-3.95806,187.8451,7.608954,9.354834,186.1719,0.6344469,-0.517267,-0.003279035,-0.8558177,-0.03531476,0.6779657,0.7342448,-0.1811521,0.6265008,0.758077,-0.3304275,0.5926677,0.7345493,-0.5534282,0.415812,0.7216769,49.45469,55.80411,63.5843,61.138,47.93106,19.2158,18.35493,18.02698,17.15381,15.23736,False,False,False,False,False
0,1.873139,32.185,58.53132,54.65918,28.54177,27.04756,-54.22328,148.6936,-39.65475,-31.42827,163.8815,-22.76087,-24.8037,172.7802,-24.85046,-10.28929,178.2006,-28.78049,5.132993,176.4319,-32.66826,-50.8044,159.9362,-8.804916,-25.62402,172.479,-0.43482,-19.40734,181.8429,1.809049,-3.958077,187.8451,7.608853,9.354827,186.1719,0.6343951,-0.5164471,0.001332417,-0.8563181,-0.04684773,0.6852713,0.7267796,-0.1813425,0.6260362,0.7584152,-0.329656,0.5924997,0.7350313,-0.5529656,0.4189652,0.7202063,49.45469,55.80411,63.5843,61.138,47.93106,19.2158,18.35493,18.02698,17.15381,15.23736,False,False,False,False,False
0,1.890488,39.84428,56.04274,47.63777,34.42686,33.08278,-54.43787,148.6501,-40.47094,-31.73711,163.8284,-23.65842,-24.9659,172.7194,-25.54367,-10.44205,178.0825,-29.49657,5.003005,176.2598,-33.35988,-50.81607,159.8971,-8.910786,-25.62449,172.4784,-0.4365477,-19.40761,181.8425,1.807778,-3.958094,187.8451,7.608761,9.354821,186.1719,0.6343545,-0.5135114,0.002001588,-0.8580804,-0.04884112,0.688076,0.7239931,-0.180341,0.6272697,0.7576343,-0.3297733,0.5950665,0.7329021,-0.5531896,0.4245686,0.7167446,49.45469,55.80411,63.5843,61.138,47.93106,19.2158,18.35493,18.02698,17.15381,15.23736,False,False,False,False,False
0,1.925176,34.19662,37.14101,31.98911,41.14633,33.23959,-54.68878,148.5264,-41.57333,-32.06071,163.7857,-24.69087,-25.17412,172.626,-26.49292,-10.74137,177.8916,-30.88273,4.856968,176.015,-34.44331,-50.82815,159.8586,-9.017362,-25.62523,172.4775,-0.4392365,-19.40795,181.842,1.806196,-3.958124,187.845,7.608592,9.354811,186.1718,0.6342738,-0.50892,0.0006833621,-0.8608136,-0.04769294,0.6909044,0.7213713,-0.1785496,0.6300595,0.7557414,-0.3361596,0.6048297,0.7219263,-0.5541966,0.4398179,0.706701,49.45469,55.80411,63.5843,61.138,47.93106,19.2158,18.35493,18.02698,17.15381,15.23736,False,False,False,False,False
0,1.959704,26.93531,22.33693,16.98386,34.18521,27.81894,-54.64692,148.3844,-42.38346,-32.12238,163.7782,-25.28041,-25.22175,172.6277,-26.964,-10.91942,177.9349,-31.81694,4.826074,176.1624,-35.24317,-50.8325,159.8448,-9.055631,-25.62564,172.4769,-0.4407345,-19.4081,181.8418,1.805469,-3.958151,187.845,7.608442,9.354805,186.1718,0.6342285,-0.5051969,0.001157,-0.8630034,-0.05121084,0.6878369,0.7240564,-0.1815957,0.6253366,0.7589316,-0.3474095,0.6071278,0.7146345,-0.5635423,0.4461293,0.6952616,49.45469,55.80411,63.5843,61.138,47.93106,19.2158,18.35493,18.02698,17.15381,15.23736,False,False,False,False,False
0,1.977231,34.3358,22.32774,16.20484,35.76979,29.90961,-54.68498,148.7369,-43.06917,-32.14936,164.0356,-25.64143,-25.26416,172.9155,-27.18277,-11.05337,178.3148,-32.32253,4.793094,176.6503,-35.61661,-50.83334,159.8423,-9.063158,-25.62575,172.4768,-0.441139,-19.40816,181.8417,1.805198,-3.958166,187.845,7.608361,9.3548,186.1718,0.634186,-0.5035299,0.009920188,-0.8639209,-0.05522576,0.6786771,0.7323574,-0.185744,0.615021,0.7663212,-0.357013,0.6018299,0.7143826,-0.5726156,0.4404448,0.691462,49.45469,55.80411,63.5843,61.138,47.93106,19.2158,18.35493,18.02698,17.15381,15.23736,False,False,False,False,False
0,2.011823,127.9434,54.74746,67.75527,84.87143,84.27219,-58.36117,149.183,-44.35914,-33.60887,164.8525,-26.87401,-27.13417,173.935,-28.4936,-13.10825,179.8792,-34.14105,2.994465,178.7713,-37.23874,-50.86458,159.7986,-9.202804,-25.62678,172.4758,-0.444583,-19.41003,181.8398,1.797728,-3.958976,187.8443,7.604617,9.353762,186.1706,0.6277621,-0.5459852,0.03476797,-0.8370731,-0.05847078,0.6384526,0.7674369,-0.1977749,0.5750462,0.7938558,-0.3756342,0.5678086,0.7324564,-0.5844471,0.4008433,0.7055113,49.45469,55.80411,63.5843,61.138,47.93106,19.2158,18.35493,18.02698,17.15381,15.23736,False,False,False,False,False
0,2.02928,268.0368,44.01254,110.4576,95.53271,81.11232,-64.66569,146.8089,-41.31901,-34.30421,164.8229,-26.99013,-28.30789,173.7613,-30.38494,-13.92165,179.4276,-35.83288,2.32017,178.0871,-38.71402,-51.70793,159.019,-11.09413,-25.63141,172.4719,-0.4586271,-19.41673,181.834,1.773923,-3.962375,187.8416,7.589914,9.349859,186.1664,0.6057574,-0.61915,0.009090667,-0.7852201,-0.02824469,0.641944,0.7662311,-0.1939157,0.6014398,0.775027,-0.362364,0.5881917,0.7229958,-0.5685334,0.4207274,0.7069358,49.45469,55.80411,63.5843,61.138,47.93106,19.2158,18.35493,18.02698,17.15381,15.23736,False,False,False,False,False
1,2.05515,393.1234,247.3164,337.3349,402.4971,469.268,-73.96976,139.8984,-36.17525,-37.34399,157.2943,-31.35796,-31.50699,164.6846,-37.78849,-17.15795,167.9141,-45.13657,-1.550166,164.3732,-49.78708,-59.635,152.5904,-19.87037,-25.7522,172.3296,-0.7682185,-19.51607,181.7092,1.460398,-4.04748,187.724,7.255882,9.232666,185.9471,0.06093706,-0.7437079,-0.06000141,-0.6658065,0.1248726,0.760639,0.6370519,-0.05178936,0.7476618,0.6620572,-0.2192876,0.7383514,0.6377696,-0.4462123,0.598206,0.6656157,49.45469,55.80411,63.5843,61.138,47.93106,19.2158,18.35493,18.02698,17.15381,15.23736,True,False,False,False,False
1,2.089817,424.5295,795.2421,1016.835,1264.867,1200.205,-78.60121,129.5994,-11.90332,-63.4223,144.9948,-64.66167,-54.76429,131.908,-92.86728,-18.89527,111.3626,-111.3896,21.55363,113.1442,-105.1876,-68.85118,143.0188,-21.6625,-27.82146,169.7013,-7.188614,-21.46946,179.2147,-4.884267,-6.641742,183.8716,-1.955983,6.50525,179.9463,-12.18666,-0.9056091,-0.2005673,-0.3736909,-0.04673558,0.9971164,0.05978895,-0.3085418,0.9485017,0.07173868,-0.5405372,0.827781,-0.1503269,-0.6957582,0.6652206,-0.2709281,49.45469,55.80411,63.5843,61.138,47.93106,19.2158,18.35493,18.02698,17.15381,15.23736,True,False,False,False,False
5,2.124578,241.7071,1213.294,1632.855,1426.333,1324.359,-86.53692,139.0488,-14.0117,-43.43464,121.2289,-111.9296,-5.067256,97.52806,-126.4459,30.25788,107.887,-122.4014,66.05965,114.8935,-96.08843,-77.37286,142.0144,-20.05036,-30.91001,167.2605,-19.76445,-23.17256,173.1208,-23.89182,-5.033931,176.0589,-20.20541,16.91648,166.9237,-36.70572,-0.8749884,-0.1469964,-0.4612887,-0.3452091,0.3738282,-0.8608618,-0.2120944,0.1376168,-0.967511,-0.05042025,0.0560459,-0.9971543,0.238811,-0.06954217,-0.9685727,49.45469,55.80411,63.5843,61.138,47.93106,19.2158,18.35493,18.02698,17.15381,15.23736,True,True,True,True,True
5,2.159253,150.7229,454.9309,701.1476,687.7101,689.9996,-84.61467,134.4842,-13.47584,-39.50964,130.6389,-111.9637,2.574691,108.6937,-127.7039,40.79974,116.5991,-119.9713,76.10635,121.8532,-89.52947,-81.57887,139.0223,-17.35626,-32.46296,162.5081,-33.47591,-17.40518,157.3957,-52.05728,11.47503,153.5989,-60.82653,52.77635,139.2882,-72.86947,-0.8644922,-0.1817146,-0.4686502,-0.3355117,0.1769254,-0.9252725,-0.06655683,-0.1096831,-0.9917358,0.1453508,-0.1118922,-0.9830327,0.4664956,-0.224395,-0.8555868,49.45469,55.80411,63.5843,61.138,47.93106,19.2158,18.35493,18.02698,17.15381,15.23736,True,True,True,True,True
5,2.1939,67.04597,142.9254,197.9892,270.745,285.9147,-82.47482,134.2381,-13.34479,-40.40573,133.1318,-111.2815,3.557113,117.3843,-129.0059,43.98998,123.2446,-120.4771,79.67672,125.6942,-88.66229,-82.47406,135.9792,-15.44644,-33.79619,157.6703,-46.21471,-8.308089,139.3117,-87.40469,35.09492,130.7999,-104.769,75.96004,126.9895,-86.48393,-0.8613333,-0.1626659,-0.4812949,-0.3700988,0.1125025,-0.9221551,-0.0641176,-0.07137326,-0.9953868,0.186884,-0.09679189,-0.977602,0.5188392,-0.2317422,-0.8228617,49.45469,55.80411,63.5843,61.138,47.93106,19.2158,18.35493,18.02698,17.15381,15.23736,True,True,True,True,True
5,2.228666,70.27974,125.6336,266.0339,246.6674,182.2073,-80.03315,136.1841,-13.27985,-43.51057,139.3792,-111.4458,1.332167,129.7713,-132.2304,43.23837,133.4987,-124.4513,79.7489,132.1904,-93.54313,-80.90997,135.3277,-14.36748,-35.79634,152.9086,-60.10802,-2.322657,132.4528,-113.5408,43.27622,131.3129,-121.4031,80.37665,130.6407,-91.88287,-0.8747515,-0.1055651,-0.4729333,-0.4220024,0.1207486,-0.8985175,-0.09114799,0.007600581,-0.9958084,0.1716013,-0.01873597,-0.9849883,0.502291,-0.1687664,-0.8480694,49.45469,55.80411,63.5843,61.138,47.93106,19.2158,18.35493,18.02698,17.15381,15.23736,True,True,True,True,True
5,2.263238,96.06573,335.8053,450.6358,440.6152,386.1375,-79.40036,139.7164,-15.17312,-48.79682,152.7451,-113.6652,-4.711546,147.3541,-137.4259,37.71246,149.4837,-131.5797,75.54426,144.9054,-103.0336,-79.43171,137.6636,-15.38189,-41.98642,150.256,-87.29337,-3.086776,141.8096,-131.6305,39.8791,145.085,-129.573,77.58478,140.9649,-100.0158,-0.8941057,-0.06699892,-0.4428162,-0.4651869,0.1849975,-0.8656657,-0.1349975,0.1021258,-0.9855689,0.1239566,0.07555272,-0.9894072,0.4560728,-0.08130042,-0.8862211,49.45469,55.80411,63.5843,61.138,47.93106,19.2158,18.35493,18.02698,17.15381,15.23736,True,True,True,True,True
5,2.272035,83.16399,337.0924,439.2597,440.9177,393.9071,-79.35468,140.1951,-15.55247,-49.88583,155.5009,-114.0677,-6.068639,150.8271,-138.3031,36.21901,152.8816,-132.9138,74.3849,147.8248,-104.934,-79.38457,138.2461,-15.80491,-44.28234,151.2633,-95.05631,-4.238116,145.6832,-134.4343,38.32172,148.9038,-131.2987,76.50581,143.8493,-102.0364,-0.8977902,-0.06845947,-0.4350702,-0.4713546,0.1956025,-0.8599793,-0.1434696,0.1166255,-0.9827589,0.1110339,0.09265864,-0.9894876,0.4445565,-0.0646054,-0.893418,49.45469,55.80411,63.5843,61.138,47.93106,19.2158,18.35493,18.02698,17.15381,15.23736,True,True,True,True,True
5,2.306694,194.4244,415.8993,482.4395,507.6261,476.9077,-80.24431,146.4084,-19.82249,-52.61251,169.1891,-118.4891,-10.79091,166.4832,-143.2938,30.40315,168.299,-139.1762,69.35785,160.9534,-113.2841,-79.72952,141.8841,-18.39398,-50.80927,163.3099,-115.261,-9.10632,162.1877,-141.777,31.95277,164.6605,-137.731,71.65022,155.8808,-109.9642,-0.9081523,-0.06567252,-0.4134567,-0.4650411,0.2411171,-0.8518212,-0.1655262,0.1700536,-0.9714334,0.06407907,0.1592702,-0.9851532,0.392167,-0.008561627,-0.9198542,49.45469,55.80411,63.5843,61.138,47.93106,19.2158,18.35493,18.02698,17.15381,15.23736,True,True,True,True,True
5,2.324409,204.0713,517.4252,430.5007,485.2489,508.2077,-81.33067,150.0064,-21.33058,-51.89077,179.2151,-119.0564,-12.13462,173.7398,-144.2239,27.42289,175.4489,-140.2124,65.21021,167.5266,-115.9876,-80.51881,145.1301,-20.30083,-51.02159,174.2409,-118.8987,-10.99479,170.6397,-143.9494,28.22305,173.0707,-139.8359,67.59286,163.1926,-113.9848,-0.9117856,-0.02613609,-0.409834,-0.4299532,0.347452,-0.8333171,-0.1632177,0.2127318,-0.9633821,0.03557774,0.2251732,-0.973669,0.3304535,0.08662158,-0.9398389,49.45469,55.80411,63.5843,61.138,47.93106,19.2158,18.35493,18.02698,17.15381,15.23736,True,True,True,True,True
5,2.358658,301.4319,1006.196,926.8571,849.8824,854.2892,-81.83312,159.6315,-23.71772,-49.93611,217.4135,-105.4934,-15.84236,209.7237,-135.6501,20.60227,208.7576,-132.8752,54.23729,200.5504,-112.3523,-81.31177,153.8628,-23.68008,-48.86653,213.4663,-107.3308,-14.71797,205.6073,-136.8667,20.55614,206.3443,-133.2734,55.61354,195.9672,-113.0759,-0.898683,0.1203443,-0.4217654,-0.3540288,0.6873932,-0.6341563,-0.1691277,0.4796071,-0.8610301,-0.01620959,0.4897687,-0.8717017,0.189811,0.4573806,-0.8687778,49.45469,55.80411,63.5843,61.138,47.93106,19.2158,18.35493,18.02698,17.15381,15.23736,True,True,True,True,True
5,2.376004,345.4564,1002.217,1157.775,919.4131,869.4591,-82.95442,165.2229,-26.54349,-50.33458,232.818,-97.42224,-18.39953,232.4518,-124.9669,16.30901,224.3327,-128.0368,48.6707,214.4474,-109.2486,-81.99414,160.4093,-26.60476,-48.89396,230.2872,-98.74104,-17.49775,228.2255,-127.5484,16.30107,223.0547,-128.0558,49.30688,212.1872,-109.7079,-0.8844505,0.2003844,-0.4214184,-0.3179991,0.8005919,-0.5078673,-0.1655762,0.6710143,-0.7227201,-0.03044634,0.6184535,-0.7852314,0.1447816,0.6074879,-0.7810229,49.45469,55.80411,63.5843,61.138,47.93106,19.2158,18.35493,18.02698,17.15381,15.23736,True,True,True,True,True
4,2.41077,319.139,1276.663,1477.058,566.7578,1396.037,-81.14687,171.6976,-34.57132,-34.15939,240.8543,-36.02655,-22.17411,248.134,-54.73767,7.462473,241.5862,-119.574,19.81861,237.0219,-51.75919,-81.47678,170.6556,-34.00787,-46.83298,248.2091,-69.69821,-26.22129,254.9073,-99.37463,7.864033,241.8711,-119.9579,28.90702,241.2582,-81.75973,-0.8375139,0.2394278,-0.4911667,-0.1275446,0.9611393,0.2448341,-0.2413302,0.9627908,-0.1216293,-0.0860454,0.7488453,-0.6571354,-0.221182,0.9752158,-0.005720188,49.45469,55.80411,63.5843,61.138,47.93106,19.2158,18.35493,18.02698,17.15381,15.23736,True,False,True,True,True
1,2.445389,256.0808,624.9282,1022.723,1411.958,689.6851,-76.91154,176.1966,-40.11997,-34.94367,241.6887,-35.4152,-24.81063,250.2157,-37.73863,-3.955692,247.6751,-41.84087,14.68809,240.0802,-50.76968,-77.81367,175.4644,-39.34637,-41.63609,247.124,-51.83902,-28.18465,257.3161,-63.48426,-3.964209,255.8478,-77.02695,17.91021,243.1097,-60.46751,-0.7939796,0.2455742,-0.5561382,0.03126643,0.8084095,0.5877895,-0.1547674,0.812345,0.5622657,-0.2456986,0.9135471,0.3241356,-0.3603664,0.8282916,0.4290327,49.45469,55.80411,63.5843,61.138,47.93106,19.2158,18.35493,18.02698,17.15381,15.23736,True,False,False,False,False
1,2.463181,285.6736,311.7416,581.3718,983.8773,357.7392,-74.02219,180.4738,-42.03373,-35.09166,242.0568,-37.83563,-25.05933,250.5762,-40.31366,-4.402145,248.2384,-42.83952,14.44932,240.2884,-52.9815,-75.32511,178.9043,-41.33211,-40.60744,246.4111,-49.42936,-27.79472,256.3144,-59.07484,-4.779526,254.7187,-65.90776,16.55084,242.4252,-58.08304,-0.7635562,0.2800905,-0.5818343,0.04406146,0.8036126,0.5935195,-0.1322902,0.7812914,0.6099861,-0.2260897,0.827419,0.5140634,-0.3697855,0.815854,0.4445684,49.45469,55.80411,63.5843,61.138,47.93106,19.2158,18.35493,18.02698,17.15381,15.23736,True,False,False,False,False
1,2.497455,228.1888,32.13778,112.6909,308.0807,84.34155,-70.08083,185.4136,-45.47546,-35.96894,242.5998,-42.34843,-26.13539,251.1781,-45.12448,-5.591824,249.2685,-47.02502,13.59515,241.3263,-56.97879,-70.74316,185.1014,-44.95806,-39.59619,245.6567,-47.67733,-27.54781,255.5837,-56.69952,-5.132778,253.2999,-59.82754,14.86556,242.0384,-57.73222,-0.7202166,0.292904,-0.6288842,0.02958338,0.8213304,0.5696852,-0.1452781,0.7876053,0.5988089,-0.2325941,0.7871782,0.5711834,-0.3983638,0.8196837,0.4116125,49.45469,55.80411,63.5843,61.138,47.93106,19.2158,18.35493,18.02698,17.15381,15.23736,True,False,False,False,False
1,2.506304,218.2575,22.72318,68.96547,215.9624,58.69519,-69.19413,186.8435,-45.97268,-35.97115,242.6109,-42.96038,-26.16018,251.1797,-45.78918,-5.636277,249.3244,-47.63726,13.58865,241.3758,-57.53916,-69.68274,186.6669,-45.64028,-39.22243,245.3646,-47.20362,-27.52727,255.509,-56.50524,-5.170152,253.153,-59.32454,14.49486,242.0114,-58.00582,-0.7097706,0.3044042,-0.6352667,0.02826149,0.8235276,0.5665717,-0.1470073,0.7891153,0.5963941,-0.2348155,0.7872847,0.5701268,-0.4019786,0.8207152,0.4060047,49.45469,55.80411,63.5843,61.138,47.93106,19.2158,18.35493,18.02698,17.15381,15.23736,True,False,False,False,False
1,2.549416,166.6489,44.07826,40.98759,41.68532,40.31973,-64.3206,190.3479,-47.91388,-36.0883,240.8211,-44.7384,-26.82303,249.5468,-48.21312,-6.490106,248.3902,-50.0978,13.10359,240.7584,-59.91741,-64.72726,191.2574,-47.9968,-37.0743,242.6937,-45.14946,-27.35328,254.2912,-54.54735,-5.356378,252.5335,-57.86418,13.47248,241.4788,-59.77476,-0.6517246,0.3215961,-0.6868995,0.01171981,0.8333143,0.5526752,-0.1724245,0.799248,0.5757364,-0.2661452,0.7946444,0.5456254,-0.4390587,0.8252147,0.3553142,49.45469,55.80411,63.5843,61.138,47.93106,19.2158,18.35493,18.02698,17.15381,15.23736,True,False,False,False,False
1,2.549416,166.6489,44.07826,40.98759,41.68532,40.31973,-64.3206,190.3479,-47.91388,-36.0883,240.8211,-44.7384,-26.82303,249.5468,-48.21312,-6.490106,248.3902,-50.0978,13.10359,240.7584,-59.91741,-64.72726,191.2574,-47.9968,-37.0743,242.6937,-45.14946,-27.35328,254.2912,-54.54735,-5.356378,252.5335,-57.86418,13.47248,241.4788,-59.77476,-0.6517246,0.3215961,-0.6868995,0.01171981,0.8333143,0.5526752,-0.1724245,0.799248,0.5757364,-0.2661452,0.7946444,0.5456254,-0.4390587,0.8252147,0.3553142,49.45469,55.80411,63.5843,61.138,47.93106,19.2158,18.35493,18.02698,17.15381,15.23736,True,False,False,False,False
1,2.592946,148.1566,43.05694,27.98781,25.87038,20.69898,-60.27174,193.8657,-48.23267,-34.98803,240.1178,-44.3539,-26.06883,248.9587,-48.32731,-5.815769,248.116,-50.15874,13.97596,240.6732,-59.9194,-60.35364,195.0621,-48.75822,-35.40597,240.366,-44.07902,-26.73271,250.5928,-50.05605,-5.98962,249.9422,-53.37263,13.47504,241.2325,-60.30325,-0.6088058,0.3518847,-0.7110081,0.002365423,0.8358319,0.5489803,-0.1880326,0.8041496,0.5639035,-0.2834999,0.7978901,0.5319766,-0.4574683,0.8249637,0.3319,49.45469,55.80411,63.5843,61.138,47.93106,19.2158,18.35493,18.02698,17.15381,15.23736,True,False,False,False,False
1,2.610251,122.9688,34.26069,23.68954,24.3386,24.39047,-59.30298,195.4748,-48.26535,-34.91584,240.1734,-43.80516,-26.11162,249.1073,-47.83234,-5.893263,248.4614,-49.65266,14.02186,241.2222,-59.36039,-59.06372,196.7377,-48.6921,-34.98192,240.2199,-43.51213,-26.4104,249.861,-48.84869,-5.980813,249.553,-52.4135,13.64215,241.2742,-60.22463,-0.594997,0.3667234,-0.715187,-0.005354031,0.832628,0.5538067,-0.1976002,0.8003052,0.5660968,-0.2939778,0.7942061,0.5318024,-0.4674953,0.8204167,0.3291878,49.45469,55.80411,63.5843,61.138,47.93106,19.2158,18.35493,18.02698,17.15381,15.23736,True,False,False,False,False
1,2.644878,45.88382,27.87841,12.61216,21.5239,27.3833,-58.98083,196.5494,-48.34082,-35.2977,240.0415,-42.88398,-26.76206,249.2073,-47.377,-6.487841,248.8499,-48.91515,13.59306,241.9829,-58.50696,-58.43824,198.3481,-48.56708,-34.95522,240.1661,-42.8974,-26.4313,249.5611,-47.97615,-6.066178,249.3712,-51.52875,13.69418,241.6376,-59.77327,-0.5880414,0.3785924,-0.7147553,-0.01580378,0.8236467,0.566883,-0.2145417,0.795191,0.5671359,-0.3091441,0.7856929,0.5358325,-0.4816485,0.8103698,0.3336397,49.45469,55.80411,63.5843,61.138,47.93106,19.2158,18.35493,18.02698,17.15381,15.23736,True,False,False,False,False
1,2.680728,208.7647,227.61,226.8495,205.9449,174.8771,-60.50068,185.2777,-47.96971,-40.27615,228.7499,-42.32625,-32.44217,238.423,-46.28511,-12.45289,239.8017,-47.91498,8.121129,234.7751,-58.34389,-59.80056,190.0087,-48.14939,-37.80397,233.9083,-41.784,-29.78407,243.2794,-46.02092,-8.533011,245.8342,-49.54328,10.99369,238.6981,-58.78761,-0.6077539,0.3361838,-0.7194551,-0.08295194,0.8194549,0.567109,-0.2767022,0.7681031,0.5774543,-0.3746377,0.7508404,0.5439534,-0.5531916,0.7697836,0.3184528,49.45469,55.80411,63.5843,61.138,47.93106,19.2158,18.35493,18.02698,17.15381,15.23736,True,False,False,False,False
1,2.705694,539.7161,478.5096,584.0027,591.1255,620.2087,-64.4245,170.2188,-42.26981,-39.53521,213.1774,-42.75796,-37.61016,222.7976,-56.23658,-17.96972,224.7341,-60.01933,1.535967,218.443,-70.89177,-64.27747,175.5063,-43.14985,-39.03534,221.6299,-41.70283,-34.02547,231.7895,-50.79481,-12.70884,236.3832,-52.62088,6.350425,228.692,-63.75573,-0.7471431,0.1596869,-0.6451955,0.02139222,0.8541812,0.5195353,-0.2598405,0.851128,0.4561402,-0.3548468,0.8196609,0.4497108,-0.5591146,0.7824663,0.2741119,49.45469,55.80411,63.5843,61.138,47.93106,19.2158,18.35493,18.02698,17.15381,15.23736,True,False,False,False,False
